aX,aY,aZ,gX,gY,gZ
0.421,0.781,0.558,0.507,0.485,0.573
0.464,0.785,0.57,0.498,0.485,0.604
0.509,0.792,0.597,0.488,0.483,0.634
0.558,0.779,0.64,0.483,0.48,0.66
0.61,0.735,0.664,0.486,0.476,0.678
0.63,0.65,0.652,0.498,0.468,0.683
0.609,0.521,0.614,0.517,0.461,0.673
0.583,0.385,0.567,0.535,0.457,0.653
0.555,0.256,0.521,0.544,0.452,0.628
0.519,0.177,0.475,0.539,0.447,0.602
0.474,0.167,0.435,0.525,0.445,0.574
0.432,0.223,0.412,0.51,0.448,0.549
0.407,0.312,0.402,0.501,0.456,0.528
0.391,0.363,0.396,0.502,0.467,0.512
0.388,0.383,0.399,0.508,0.479,0.501
0.393,0.398,0.412,0.511,0.49,0.494
0.396,0.423,0.432,0.51,0.498,0.488
0.396,0.446,0.45,0.509,0.504,0.484
0.391,0.465,0.463,0.509,0.507,0.482
0.385,0.481,0.476,0.508,0.51,0.481
0.38,0.495,0.491,0.507,0.512,0.48
0.377,0.51,0.507,0.507,0.513,0.48
0.374,0.523,0.52,0.506,0.514,0.481
0.371,0.534,0.529,0.506,0.513,0.482
0.365,0.538,0.535,0.506,0.512,0.484
0.365,0.535,0.541,0.505,0.511,0.487
0.367,0.53,0.546,0.503,0.509,0.491
0.371,0.524,0.55,0.501,0.507,0.495
0.372,0.517,0.548,0.5,0.505,0.497
0.371,0.509,0.544,0.499,0.503,0.498

0.418,0.782,0.576,0.512,0.484,0.567
0.457,0.78,0.553,0.513,0.48,0.597
0.51,0.737,0.552,0.506,0.48,0.628
0.55,0.68,0.584,0.497,0.478,0.654
0.616,0.612,0.626,0.488,0.475,0.674
0.632,0.633,0.651,0.485,0.466,0.678
0.608,0.578,0.613,0.506,0.456,0.663
0.566,0.439,0.533,0.541,0.451,0.642
0.505,0.307,0.457,0.56,0.451,0.618
0.458,0.21,0.408,0.557,0.454,0.597
0.432,0.187,0.388,0.54,0.46,0.577
0.416,0.204,0.382,0.522,0.467,0.557
0.397,0.256,0.386,0.51,0.475,0.537
0.39,0.313,0.395,0.504,0.484,0.52
0.395,0.367,0.413,0.503,0.494,0.508
0.4,0.401,0.436,0.504,0.501,0.5
0.404,0.42,0.461,0.505,0.506,0.495
0.409,0.437,0.479,0.506,0.508,0.492
0.402,0.44,0.488,0.507,0.508,0.489
0.396,0.456,0.5,0.505,0.508,0.487
0.39,0.488,0.516,0.502,0.507,0.486
0.381,0.508,0.528,0.5,0.507,0.487
0.375,0.507,0.533,0.5,0.505,0.49
0.371,0.503,0.538,0.499,0.504,0.493
0.369,0.503,0.542,0.498,0.503,0.494
0.37,0.497,0.541,0.498,0.502,0.495
0.37,0.489,0.539,0.499,0.501,0.496
0.374,0.484,0.536,0.5,0.5,0.496
0.375,0.478,0.532,0.5,0.499,0.496
0.376,0.471,0.525,0.5,0.498,0.496

0.488,0.825,0.614,0.499,0.484,0.62
0.543,0.778,0.602,0.498,0.477,0.651
0.576,0.67,0.598,0.502,0.47,0.673
0.606,0.571,0.611,0.504,0.467,0.682
0.628,0.483,0.612,0.506,0.464,0.678
0.612,0.444,0.612,0.512,0.458,0.664
0.597,0.445,0.58,0.524,0.452,0.643
0.568,0.353,0.503,0.54,0.447,0.624
0.533,0.252,0.442,0.542,0.445,0.608
0.479,0.224,0.42,0.527,0.447,0.59
0.443,0.243,0.414,0.511,0.452,0.572
0.426,0.258,0.404,0.505,0.461,0.555
0.419,0.265,0.395,0.505,0.471,0.538
0.415,0.279,0.393,0.506,0.482,0.522
0.413,0.301,0.402,0.505,0.492,0.508
0.414,0.336,0.418,0.502,0.5,0.496
0.412,0.369,0.433,0.501,0.506,0.487
0.407,0.411,0.443,0.501,0.509,0.481
0.396,0.457,0.453,0.501,0.512,0.476
0.378,0.489,0.463,0.502,0.515,0.475
0.369,0.501,0.478,0.503,0.517,0.477
0.369,0.502,0.498,0.502,0.519,0.482
0.37,0.499,0.52,0.501,0.52,0.486
0.372,0.496,0.539,0.498,0.518,0.489
0.373,0.494,0.554,0.496,0.515,0.492
0.376,0.489,0.562,0.495,0.511,0.494
0.377,0.483,0.563,0.495,0.508,0.496
0.376,0.479,0.559,0.495,0.504,0.496
0.382,0.475,0.549,0.496,0.502,0.497
0.376,0.476,0.541,0.496,0.499,0.497

0.429,0.837,0.532,0.525,0.499,0.557
0.45,0.843,0.534,0.528,0.502,0.583
0.489,0.821,0.551,0.525,0.505,0.612
0.557,0.789,0.607,0.516,0.506,0.645
0.638,0.795,0.641,0.505,0.5,0.674
0.672,0.734,0.635,0.505,0.488,0.693
0.672,0.623,0.634,0.514,0.477,0.7
0.697,0.502,0.619,0.523,0.471,0.697
0.674,0.351,0.59,0.533,0.462,0.681
0.644,0.176,0.527,0.539,0.453,0.657
0.572,0.016,0.457,0.536,0.446,0.625
0.487,0.02,0.409,0.519,0.446,0.585
0.43,0.132,0.382,0.502,0.452,0.547
0.407,0.273,0.371,0.497,0.466,0.518
0.389,0.38,0.371,0.502,0.482,0.497
0.375,0.431,0.388,0.509,0.497,0.488
0.376,0.455,0.424,0.512,0.509,0.487
0.385,0.469,0.466,0.511,0.516,0.489
0.39,0.472,0.499,0.51,0.518,0.491
0.392,0.468,0.518,0.509,0.516,0.491
0.386,0.473,0.529,0.505,0.513,0.492
0.379,0.489,0.538,0.5,0.51,0.492
0.375,0.492,0.543,0.497,0.507,0.494
0.373,0.482,0.544,0.496,0.506,0.495
0.374,0.484,0.545,0.494,0.504,0.495
0.375,0.493,0.545,0.494,0.503,0.495
0.373,0.497,0.544,0.495,0.502,0.495
0.375,0.495,0.542,0.496,0.502,0.496
0.378,0.491,0.539,0.498,0.502,0.497
0.378,0.482,0.536,0.499,0.502,0.498

0.463,0.776,0.586,0.513,0.488,0.591
0.493,0.796,0.588,0.506,0.484,0.619
0.521,0.778,0.565,0.503,0.477,0.647
0.562,0.746,0.576,0.504,0.474,0.669
0.628,0.66,0.592,0.51,0.475,0.685
0.666,0.506,0.597,0.521,0.472,0.688
0.663,0.327,0.585,0.531,0.466,0.675
0.628,0.204,0.552,0.536,0.457,0.646
0.56,0.111,0.48,0.533,0.447,0.611
0.498,0.093,0.409,0.521,0.441,0.577
0.442,0.189,0.368,0.503,0.445,0.547
0.393,0.326,0.357,0.492,0.456,0.522
0.356,0.429,0.364,0.492,0.472,0.506
0.353,0.462,0.386,0.5,0.491,0.501
0.376,0.451,0.42,0.508,0.507,0.5
0.394,0.44,0.458,0.512,0.517,0.498
0.405,0.445,0.491,0.51,0.52,0.495
0.407,0.461,0.514,0.507,0.518,0.493
0.397,0.478,0.528,0.503,0.514,0.491
0.388,0.491,0.534,0.501,0.51,0.49
0.381,0.498,0.535,0.499,0.507,0.491
0.376,0.502,0.534,0.497,0.505,0.492
0.373,0.508,0.534,0.495,0.504,0.493
0.37,0.512,0.532,0.495,0.503,0.494
0.37,0.512,0.531,0.496,0.503,0.495
0.37,0.506,0.528,0.497,0.504,0.496
0.372,0.497,0.526,0.497,0.504,0.498
0.375,0.488,0.527,0.498,0.505,0.498
0.379,0.48,0.53,0.498,0.505,0.498
0.38,0.478,0.532,0.498,0.505,0.498

0.425,0.777,0.564,0.514,0.489,0.546
0.434,0.801,0.567,0.513,0.486,0.567
0.45,0.837,0.565,0.51,0.483,0.593
0.471,0.861,0.548,0.51,0.479,0.62
0.513,0.869,0.536,0.515,0.478,0.647
0.578,0.785,0.541,0.522,0.481,0.672
0.628,0.639,0.57,0.529,0.484,0.689
0.664,0.512,0.612,0.532,0.482,0.69
0.653,0.371,0.63,0.534,0.473,0.674
0.612,0.266,0.605,0.536,0.458,0.649
0.57,0.201,0.536,0.534,0.443,0.62
0.527,0.207,0.455,0.528,0.433,0.591
0.453,0.251,0.383,0.518,0.432,0.563
0.399,0.3,0.342,0.51,0.442,0.542
0.378,0.352,0.332,0.501,0.458,0.53
0.369,0.397,0.352,0.497,0.475,0.522
0.38,0.417,0.382,0.498,0.492,0.516
0.403,0.403,0.41,0.502,0.504,0.511
0.41,0.397,0.435,0.503,0.511,0.505
0.403,0.411,0.459,0.5,0.512,0.499
0.397,0.434,0.481,0.498,0.513,0.494
0.394,0.461,0.498,0.498,0.513,0.489
0.388,0.483,0.508,0.5,0.512,0.486
0.38,0.5,0.513,0.501,0.51,0.485
0.373,0.516,0.515,0.499,0.509,0.486
0.367,0.53,0.52,0.497,0.508,0.489
0.362,0.535,0.526,0.494,0.507,0.493
0.364,0.527,0.53,0.494,0.507,0.497
0.367,0.51,0.533,0.495,0.506,0.5
0.375,0.492,0.534,0.496,0.506,0.501

0.427,0.888,0.564,0.505,0.49,0.585
0.473,0.886,0.563,0.512,0.491,0.614
0.528,0.873,0.57,0.52,0.489,0.641
0.596,0.816,0.587,0.526,0.485,0.668
0.653,0.693,0.608,0.53,0.478,0.692
0.688,0.574,0.624,0.531,0.471,0.699
0.667,0.471,0.619,0.534,0.463,0.686
0.629,0.322,0.565,0.544,0.452,0.661
0.559,0.197,0.491,0.549,0.441,0.631
0.502,0.137,0.413,0.543,0.437,0.601
0.464,0.138,0.36,0.529,0.441,0.573
0.428,0.227,0.343,0.512,0.451,0.547
0.403,0.328,0.347,0.502,0.464,0.527
0.395,0.378,0.354,0.502,0.479,0.515
0.397,0.396,0.37,0.505,0.493,0.509
0.405,0.393,0.391,0.507,0.504,0.504
0.415,0.388,0.412,0.508,0.512,0.499
0.415,0.394,0.433,0.505,0.516,0.492
0.411,0.419,0.456,0.502,0.518,0.487
0.404,0.454,0.479,0.499,0.518,0.482
0.394,0.488,0.5,0.497,0.518,0.479
0.385,0.523,0.518,0.495,0.517,0.479
0.375,0.549,0.533,0.495,0.515,0.482
0.371,0.556,0.545,0.495,0.513,0.486
0.371,0.545,0.551,0.497,0.511,0.491
0.373,0.53,0.551,0.497,0.509,0.494
0.374,0.516,0.548,0.498,0.506,0.497
0.376,0.503,0.543,0.497,0.504,0.499
0.376,0.494,0.539,0.496,0.502,0.5
0.377,0.485,0.534,0.496,0.501,0.5

0.465,0.797,0.614,0.492,0.486,0.488
0.439,0.861,0.599,0.499,0.481,0.498
0.414,0.92,0.575,0.51,0.48,0.513
0.4,0.919,0.54,0.525,0.482,0.535
0.425,0.876,0.516,0.536,0.488,0.566
0.485,0.824,0.527,0.536,0.495,0.599
0.548,0.772,0.578,0.525,0.497,0.631
0.603,0.729,0.632,0.509,0.492,0.659
0.641,0.647,0.667,0.501,0.479,0.679
0.655,0.533,0.651,0.498,0.462,0.686
0.621,0.44,0.612,0.5,0.446,0.677
0.593,0.403,0.557,0.503,0.439,0.66
0.565,0.348,0.498,0.51,0.439,0.641
0.528,0.326,0.458,0.517,0.44,0.622
0.504,0.308,0.426,0.519,0.446,0.605
0.481,0.297,0.42,0.518,0.453,0.59
0.473,0.29,0.414,0.514,0.461,0.574
0.456,0.255,0.396,0.512,0.468,0.557
0.422,0.268,0.392,0.506,0.475,0.538
0.407,0.317,0.4,0.5,0.483,0.522
0.4,0.356,0.405,0.499,0.492,0.51
0.394,0.378,0.41,0.502,0.5,0.499
0.388,0.398,0.419,0.505,0.508,0.491
0.388,0.426,0.432,0.506,0.514,0.484
0.388,0.457,0.45,0.506,0.52,0.478
0.386,0.488,0.47,0.506,0.524,0.475
0.385,0.516,0.494,0.505,0.526,0.476
0.385,0.542,0.521,0.502,0.526,0.479
0.384,0.554,0.544,0.5,0.525,0.484
0.383,0.549,0.56,0.498,0.522,0.489

0.539,0.799,0.592,0.493,0.474,0.681
0.622,0.621,0.568,0.529,0.475,0.686
0.639,0.472,0.559,0.544,0.475,0.678
0.614,0.33,0.548,0.55,0.469,0.656
0.581,0.181,0.505,0.549,0.459,0.63
0.539,0.061,0.435,0.539,0.45,0.601
0.475,0.065,0.392,0.517,0.447,0.566
0.424,0.185,0.381,0.494,0.452,0.532
0.393,0.314,0.381,0.484,0.463,0.507
0.378,0.402,0.388,0.487,0.477,0.493
0.379,0.446,0.405,0.495,0.493,0.485
0.385,0.476,0.429,0.502,0.505,0.481
0.385,0.499,0.459,0.505,0.513,0.48
0.383,0.514,0.489,0.505,0.517,0.481
0.382,0.513,0.511,0.505,0.517,0.484
0.379,0.511,0.528,0.502,0.516,0.487
0.374,0.512,0.54,0.499,0.513,0.49
0.367,0.514,0.547,0.496,0.51,0.492
0.364,0.514,0.55,0.494,0.507,0.494
0.366,0.509,0.549,0.494,0.506,0.495
0.368,0.509,0.545,0.494,0.504,0.495
0.367,0.51,0.541,0.495,0.503,0.496
0.366,0.513,0.538,0.495,0.502,0.497
0.371,0.504,0.536,0.497,0.503,0.498
0.375,0.495,0.536,0.498,0.503,0.5
0.382,0.483,0.538,0.499,0.504,0.501
0.385,0.474,0.537,0.499,0.503,0.501
0.385,0.467,0.534,0.499,0.502,0.501
0.384,0.467,0.531,0.498,0.501,0.5
0.379,0.469,0.528,0.498,0.5,0.499

0.458,0.784,0.608,0.503,0.494,0.517
0.461,0.827,0.61,0.503,0.491,0.534
0.443,0.884,0.586,0.501,0.486,0.556
0.435,0.926,0.553,0.501,0.484,0.585
0.472,0.925,0.548,0.503,0.489,0.619
0.55,0.883,0.564,0.506,0.497,0.657
0.652,0.812,0.583,0.507,0.498,0.69
0.703,0.712,0.641,0.514,0.492,0.706
0.724,0.598,0.669,0.524,0.486,0.707
0.705,0.448,0.649,0.537,0.475,0.696
0.662,0.315,0.592,0.544,0.46,0.673
0.619,0.278,0.535,0.542,0.445,0.647
0.572,0.305,0.486,0.535,0.436,0.621
0.54,0.282,0.416,0.53,0.433,0.599
0.49,0.231,0.356,0.524,0.436,0.578
0.433,0.226,0.33,0.51,0.446,0.555
0.397,0.273,0.333,0.496,0.461,0.534
0.39,0.335,0.355,0.49,0.477,0.518
0.39,0.379,0.382,0.492,0.493,0.506
0.395,0.394,0.404,0.497,0.505,0.498
0.402,0.412,0.427,0.5,0.513,0.491
0.403,0.453,0.458,0.5,0.518,0.484
0.398,0.513,0.49,0.498,0.52,0.481
0.387,0.556,0.514,0.498,0.519,0.481
0.378,0.568,0.529,0.5,0.517,0.486
0.377,0.557,0.541,0.5,0.516,0.492
0.379,0.537,0.547,0.499,0.513,0.497
0.378,0.517,0.548,0.496,0.51,0.5
0.373,0.504,0.548,0.494,0.507,0.502
0.374,0.49,0.549,0.494,0.506,0.502

0.403,0.865,0.574,0.499,0.495,0.511
0.398,0.965,0.573,0.51,0.496,0.528
0.441,1,0.56,0.527,0.495,0.553
0.437,0.946,0.467,0.543,0.492,0.585
0.451,0.847,0.451,0.542,0.498,0.624
0.529,0.769,0.505,0.523,0.512,0.669
0.636,0.801,0.583,0.49,0.519,0.711
0.7,0.82,0.651,0.47,0.51,0.738
0.741,0.745,0.69,0.475,0.496,0.751
0.786,0.589,0.672,0.5,0.488,0.746
0.771,0.388,0.632,0.53,0.479,0.719
0.717,0.197,0.559,0.549,0.469,0.679
0.655,0.022,0.472,0.55,0.459,0.639
0.579,0,0.415,0.531,0.452,0.601
0.514,0.061,0.39,0.503,0.453,0.564
0.469,0.186,0.383,0.489,0.462,0.531
0.45,0.272,0.383,0.493,0.478,0.506
0.439,0.327,0.388,0.503,0.494,0.487
0.425,0.39,0.401,0.508,0.506,0.474
0.406,0.449,0.423,0.51,0.514,0.469
0.395,0.489,0.453,0.51,0.521,0.469
0.391,0.507,0.487,0.509,0.524,0.472
0.388,0.524,0.519,0.507,0.524,0.477
0.383,0.539,0.544,0.503,0.521,0.481
0.376,0.543,0.561,0.5,0.516,0.485
0.373,0.541,0.571,0.497,0.511,0.491
0.371,0.538,0.576,0.495,0.507,0.496
0.369,0.527,0.572,0.495,0.502,0.499
0.369,0.51,0.563,0.495,0.5,0.501
0.372,0.495,0.552,0.496,0.498,0.502

0.415,0.817,0.576,0.509,0.492,0.524
0.409,0.857,0.564,0.517,0.489,0.54
0.418,0.841,0.55,0.524,0.489,0.562
0.446,0.782,0.552,0.525,0.49,0.59
0.494,0.731,0.558,0.517,0.491,0.619
0.513,0.724,0.568,0.506,0.486,0.641
0.524,0.743,0.58,0.499,0.482,0.656
0.552,0.732,0.585,0.5,0.48,0.67
0.579,0.716,0.583,0.508,0.478,0.679
0.595,0.648,0.578,0.522,0.475,0.68
0.629,0.517,0.563,0.538,0.473,0.675
0.631,0.356,0.535,0.548,0.47,0.66
0.599,0.18,0.479,0.55,0.463,0.634
0.543,0.048,0.422,0.539,0.457,0.604
0.479,0.079,0.399,0.514,0.455,0.571
0.444,0.215,0.398,0.493,0.461,0.541
0.417,0.329,0.396,0.49,0.471,0.519
0.406,0.386,0.395,0.497,0.484,0.506
0.408,0.405,0.407,0.503,0.496,0.499
0.413,0.422,0.433,0.506,0.505,0.496
0.415,0.446,0.462,0.506,0.51,0.493
0.41,0.465,0.485,0.506,0.511,0.491
0.401,0.478,0.501,0.505,0.51,0.49
0.391,0.487,0.512,0.504,0.509,0.49
0.38,0.49,0.52,0.502,0.507,0.491
0.372,0.496,0.526,0.498,0.505,0.493
0.368,0.501,0.53,0.496,0.503,0.494
0.366,0.497,0.53,0.495,0.502,0.495
0.367,0.489,0.528,0.496,0.502,0.496
0.366,0.488,0.525,0.495,0.502,0.496

0.429,0.939,0.54,0.507,0.494,0.577
0.462,0.932,0.518,0.517,0.498,0.606
0.532,0.824,0.525,0.526,0.504,0.641
0.623,0.708,0.547,0.526,0.507,0.673
0.668,0.606,0.576,0.517,0.501,0.691
0.667,0.527,0.625,0.504,0.49,0.698
0.656,0.468,0.654,0.494,0.479,0.697
0.641,0.419,0.638,0.492,0.467,0.684
0.605,0.36,0.593,0.501,0.456,0.662
0.575,0.32,0.53,0.513,0.449,0.635
0.535,0.246,0.454,0.523,0.447,0.605
0.485,0.17,0.389,0.522,0.45,0.577
0.437,0.197,0.368,0.506,0.457,0.552
0.411,0.295,0.379,0.489,0.467,0.532
0.395,0.371,0.397,0.485,0.479,0.518
0.392,0.406,0.408,0.494,0.491,0.507
0.388,0.423,0.419,0.503,0.501,0.499
0.38,0.438,0.434,0.508,0.509,0.494
0.38,0.448,0.455,0.51,0.514,0.491
0.385,0.455,0.475,0.51,0.518,0.49
0.388,0.463,0.49,0.507,0.518,0.49
0.385,0.476,0.504,0.504,0.516,0.489
0.381,0.492,0.514,0.499,0.513,0.49
0.377,0.504,0.525,0.495,0.511,0.492
0.375,0.513,0.535,0.492,0.508,0.494
0.373,0.514,0.543,0.491,0.506,0.495
0.372,0.507,0.544,0.492,0.504,0.496
0.372,0.5,0.543,0.493,0.503,0.497
0.375,0.495,0.54,0.494,0.502,0.498
0.374,0.49,0.537,0.495,0.501,0.498

0.383,0.825,0.561,0.509,0.488,0.538
0.392,0.86,0.549,0.514,0.487,0.563
0.422,0.923,0.533,0.518,0.487,0.591
0.467,0.932,0.499,0.521,0.487,0.623
0.542,0.846,0.532,0.528,0.491,0.659
0.638,0.771,0.595,0.53,0.497,0.691
0.707,0.67,0.631,0.532,0.493,0.707
0.706,0.485,0.631,0.544,0.48,0.703
0.685,0.297,0.582,0.558,0.467,0.682
0.637,0.119,0.491,0.563,0.454,0.649
0.547,0.066,0.418,0.551,0.444,0.61
0.49,0.105,0.377,0.528,0.445,0.575
0.446,0.202,0.375,0.509,0.454,0.546
0.416,0.298,0.387,0.498,0.466,0.524
0.409,0.361,0.402,0.498,0.478,0.51
0.408,0.391,0.42,0.502,0.49,0.501
0.412,0.4,0.44,0.504,0.498,0.496
0.413,0.417,0.461,0.503,0.502,0.492
0.409,0.438,0.479,0.499,0.503,0.49
0.399,0.46,0.491,0.496,0.502,0.488
0.386,0.483,0.498,0.495,0.501,0.487
0.374,0.504,0.503,0.495,0.501,0.487
0.364,0.516,0.51,0.495,0.502,0.489
0.361,0.518,0.517,0.495,0.503,0.491
0.363,0.515,0.526,0.496,0.504,0.493
0.368,0.502,0.531,0.497,0.505,0.494
0.373,0.488,0.532,0.498,0.504,0.495
0.376,0.477,0.529,0.497,0.503,0.496
0.377,0.475,0.526,0.496,0.501,0.496
0.377,0.474,0.525,0.494,0.5,0.497

0.39,0.753,0.519,0.499,0.496,0.573
0.423,0.786,0.542,0.486,0.499,0.601
0.481,0.8,0.57,0.478,0.501,0.629
0.531,0.776,0.576,0.478,0.498,0.651
0.548,0.758,0.578,0.483,0.492,0.663
0.589,0.655,0.582,0.497,0.493,0.669
0.623,0.514,0.601,0.51,0.495,0.669
0.616,0.385,0.608,0.516,0.49,0.657
0.584,0.254,0.585,0.517,0.478,0.638
0.538,0.187,0.54,0.51,0.467,0.612
0.478,0.21,0.497,0.5,0.46,0.583
0.429,0.273,0.459,0.495,0.461,0.555
0.396,0.354,0.431,0.496,0.469,0.532
0.379,0.415,0.42,0.502,0.482,0.517
0.376,0.444,0.429,0.508,0.495,0.508
0.386,0.444,0.45,0.513,0.506,0.504
0.402,0.431,0.472,0.516,0.512,0.501
0.406,0.429,0.491,0.515,0.514,0.496
0.406,0.439,0.504,0.511,0.512,0.493
0.399,0.457,0.512,0.506,0.508,0.491
0.389,0.474,0.516,0.501,0.505,0.49
0.381,0.488,0.516,0.497,0.503,0.489
0.375,0.503,0.518,0.496,0.503,0.489
0.371,0.518,0.521,0.495,0.503,0.489
0.367,0.53,0.525,0.496,0.504,0.489
0.364,0.534,0.529,0.498,0.505,0.49
0.366,0.526,0.531,0.5,0.506,0.491
0.371,0.515,0.534,0.501,0.506,0.494
0.378,0.506,0.539,0.501,0.506,0.496
0.379,0.502,0.54,0.499,0.504,0.497

0.396,0.77,0.56,0.519,0.49,0.496
0.398,0.801,0.562,0.524,0.49,0.51
0.392,0.815,0.539,0.526,0.488,0.53
0.394,0.833,0.536,0.525,0.486,0.556
0.421,0.862,0.546,0.52,0.486,0.586
0.469,0.87,0.548,0.515,0.486,0.62
0.543,0.819,0.55,0.517,0.484,0.652
0.6,0.73,0.572,0.522,0.483,0.672
0.618,0.618,0.581,0.527,0.481,0.682
0.604,0.5,0.565,0.532,0.478,0.676
0.583,0.409,0.535,0.536,0.475,0.66
0.553,0.344,0.506,0.535,0.471,0.64
0.518,0.27,0.481,0.53,0.467,0.622
0.495,0.216,0.464,0.52,0.466,0.605
0.476,0.212,0.456,0.509,0.468,0.585
0.458,0.234,0.446,0.502,0.471,0.561
0.445,0.267,0.434,0.501,0.476,0.538
0.435,0.304,0.43,0.5,0.482,0.52
0.428,0.347,0.435,0.499,0.488,0.507
0.422,0.388,0.444,0.499,0.493,0.498
0.415,0.419,0.453,0.501,0.497,0.492
0.406,0.443,0.461,0.502,0.5,0.488
0.397,0.47,0.47,0.502,0.503,0.486
0.387,0.491,0.48,0.501,0.505,0.487
0.376,0.504,0.493,0.499,0.506,0.488
0.37,0.511,0.506,0.498,0.507,0.491
0.367,0.511,0.517,0.497,0.507,0.493
0.367,0.506,0.525,0.497,0.507,0.494
0.367,0.501,0.53,0.498,0.507,0.495
0.369,0.499,0.534,0.498,0.506,0.495

0.431,0.77,0.587,0.497,0.492,0.521
0.421,0.795,0.569,0.499,0.488,0.539
0.402,0.85,0.549,0.502,0.486,0.558
0.404,0.897,0.527,0.504,0.488,0.581
0.44,0.872,0.526,0.51,0.493,0.613
0.509,0.817,0.532,0.51,0.499,0.649
0.593,0.755,0.539,0.504,0.501,0.68
0.64,0.679,0.588,0.5,0.498,0.698
0.681,0.581,0.642,0.498,0.496,0.709
0.7,0.437,0.66,0.5,0.49,0.707
0.666,0.402,0.653,0.505,0.476,0.687
0.629,0.274,0.564,0.523,0.463,0.652
0.571,0.113,0.456,0.537,0.452,0.616
0.495,0.097,0.394,0.522,0.447,0.58
0.434,0.221,0.391,0.498,0.453,0.547
0.402,0.351,0.404,0.488,0.465,0.523
0.386,0.404,0.41,0.496,0.478,0.508
0.384,0.408,0.415,0.508,0.491,0.498
0.386,0.42,0.431,0.514,0.502,0.491
0.384,0.452,0.456,0.513,0.509,0.486
0.386,0.483,0.48,0.512,0.513,0.484
0.385,0.502,0.5,0.512,0.514,0.484
0.384,0.509,0.513,0.51,0.513,0.486
0.381,0.509,0.522,0.507,0.51,0.489
0.375,0.511,0.527,0.502,0.507,0.492
0.372,0.511,0.53,0.499,0.504,0.495
0.369,0.511,0.529,0.496,0.502,0.497
0.364,0.512,0.526,0.495,0.501,0.497
0.363,0.507,0.522,0.496,0.501,0.498
0.361,0.502,0.519,0.497,0.502,0.497

0.438,0.894,0.564,0.523,0.5,0.58
0.468,0.881,0.554,0.529,0.5,0.61
0.528,0.821,0.545,0.534,0.501,0.641
0.596,0.743,0.542,0.536,0.5,0.665
0.64,0.632,0.559,0.534,0.496,0.678
0.644,0.58,0.609,0.527,0.487,0.684
0.667,0.532,0.618,0.524,0.479,0.682
0.654,0.438,0.584,0.529,0.467,0.672
0.616,0.348,0.535,0.533,0.455,0.654
0.558,0.323,0.506,0.529,0.45,0.633
0.507,0.334,0.479,0.525,0.451,0.611
0.475,0.307,0.446,0.525,0.455,0.592
0.445,0.284,0.431,0.522,0.461,0.576
0.429,0.285,0.431,0.515,0.469,0.561
0.42,0.285,0.43,0.51,0.477,0.545
0.413,0.299,0.432,0.505,0.484,0.531
0.41,0.329,0.441,0.5,0.489,0.518
0.408,0.362,0.455,0.497,0.494,0.509
0.41,0.384,0.465,0.495,0.498,0.502
0.411,0.405,0.473,0.493,0.5,0.496
0.406,0.435,0.479,0.492,0.501,0.492
0.394,0.465,0.481,0.492,0.502,0.488
0.377,0.494,0.484,0.494,0.504,0.485
0.365,0.508,0.49,0.496,0.507,0.484
0.364,0.509,0.502,0.498,0.511,0.486
0.368,0.503,0.518,0.498,0.513,0.489
0.373,0.496,0.534,0.498,0.514,0.491
0.379,0.49,0.547,0.497,0.513,0.493
0.383,0.484,0.555,0.497,0.51,0.494
0.385,0.479,0.557,0.496,0.507,0.495

0.431,0.837,0.566,0.529,0.485,0.54
0.435,0.839,0.535,0.533,0.485,0.561
0.43,0.796,0.508,0.53,0.484,0.591
0.468,0.75,0.529,0.518,0.488,0.629
0.567,0.743,0.573,0.496,0.491,0.668
0.644,0.734,0.612,0.48,0.486,0.696
0.678,0.669,0.65,0.48,0.475,0.708
0.688,0.556,0.643,0.494,0.466,0.704
0.659,0.416,0.587,0.515,0.459,0.684
0.587,0.292,0.517,0.532,0.456,0.651
0.518,0.238,0.458,0.537,0.455,0.616
0.476,0.214,0.41,0.531,0.459,0.589
0.451,0.223,0.392,0.516,0.465,0.568
0.432,0.282,0.399,0.497,0.473,0.55
0.415,0.353,0.419,0.486,0.481,0.535
0.403,0.386,0.434,0.486,0.488,0.525
0.411,0.377,0.439,0.492,0.496,0.517
0.419,0.364,0.45,0.494,0.501,0.51
0.418,0.381,0.468,0.491,0.504,0.503
0.409,0.413,0.482,0.49,0.505,0.495
0.407,0.431,0.487,0.494,0.506,0.487
0.402,0.442,0.485,0.498,0.508,0.481
0.393,0.469,0.489,0.498,0.509,0.476
0.384,0.504,0.5,0.496,0.511,0.475
0.381,0.535,0.518,0.494,0.513,0.476
0.38,0.55,0.536,0.494,0.514,0.479
0.381,0.549,0.549,0.495,0.514,0.483
0.38,0.545,0.559,0.496,0.512,0.486
0.377,0.543,0.563,0.496,0.509,0.488
0.375,0.535,0.564,0.497,0.506,0.491

0.435,0.93,0.541,0.505,0.496,0.512
0.436,1,0.492,0.514,0.497,0.536
0.438,0.996,0.411,0.528,0.502,0.573
0.461,0.819,0.416,0.533,0.52,0.616
0.546,0.69,0.522,0.51,0.543,0.656
0.617,0.706,0.649,0.468,0.552,0.685
0.645,0.74,0.725,0.447,0.541,0.697
0.657,0.719,0.747,0.463,0.524,0.696
0.672,0.61,0.676,0.502,0.507,0.685
0.615,0.427,0.56,0.54,0.492,0.667
0.582,0.344,0.491,0.552,0.483,0.646
0.558,0.307,0.462,0.544,0.48,0.625
0.497,0.278,0.454,0.533,0.478,0.605
0.479,0.261,0.46,0.522,0.48,0.588
0.468,0.226,0.458,0.515,0.482,0.57
0.444,0.22,0.453,0.509,0.483,0.549
0.424,0.258,0.455,0.502,0.484,0.528
0.414,0.306,0.455,0.498,0.486,0.511
0.404,0.358,0.451,0.498,0.489,0.498
0.394,0.425,0.446,0.498,0.492,0.487
0.377,0.49,0.44,0.501,0.497,0.481
0.364,0.535,0.446,0.505,0.502,0.479
0.362,0.552,0.47,0.507,0.508,0.482
0.369,0.542,0.501,0.509,0.512,0.487
0.373,0.528,0.526,0.509,0.513,0.49
0.374,0.517,0.542,0.507,0.511,0.492
0.368,0.512,0.544,0.504,0.508,0.493
0.367,0.511,0.542,0.501,0.505,0.494
0.369,0.512,0.541,0.498,0.503,0.495
0.369,0.519,0.539,0.495,0.501,0.497

0.548,0.733,0.579,0.48,0.479,0.426
0.522,0.888,0.522,0.464,0.467,0.455
0.517,0.983,0.43,0.46,0.457,0.495
0.485,0.994,0.368,0.474,0.455,0.538
0.438,0.812,0.311,0.506,0.464,0.581
0.458,0.674,0.308,0.528,0.483,0.608
0.538,0.629,0.386,0.526,0.505,0.626
0.601,0.569,0.476,0.519,0.516,0.646
0.649,0.456,0.544,0.515,0.513,0.665
0.689,0.322,0.583,0.513,0.502,0.675
0.692,0.154,0.578,0.512,0.487,0.674
0.609,0.002,0.523,0.51,0.47,0.661
0.497,0,0.492,0.501,0.463,0.634
0.417,0,0.478,0.49,0.466,0.597
0.392,0.099,0.463,0.486,0.472,0.559
0.39,0.216,0.452,0.493,0.479,0.53
0.398,0.279,0.446,0.505,0.485,0.513
0.409,0.305,0.446,0.513,0.489,0.506
0.42,0.325,0.454,0.512,0.492,0.505
0.43,0.357,0.461,0.506,0.493,0.507
0.437,0.388,0.463,0.501,0.492,0.507
0.437,0.394,0.461,0.502,0.491,0.508
0.423,0.364,0.454,0.505,0.491,0.507
0.409,0.334,0.452,0.506,0.492,0.503
0.415,0.335,0.456,0.504,0.495,0.497
0.433,0.37,0.459,0.5,0.498,0.491
0.445,0.408,0.462,0.5,0.499,0.487
0.45,0.42,0.469,0.502,0.5,0.488
0.452,0.407,0.478,0.506,0.5,0.491
0.457,0.393,0.485,0.507,0.499,0.493

0.494,0.949,0.376,0.507,0.489,0.62
0.607,0.703,0.428,0.531,0.513,0.646
0.678,0.645,0.49,0.516,0.519,0.673
0.76,0.568,0.55,0.503,0.52,0.699
0.832,0.429,0.583,0.5,0.514,0.718
0.793,0.164,0.594,0.511,0.501,0.723
0.7,0,0.541,0.522,0.483,0.713
0.624,0,0.478,0.52,0.469,0.678
0.403,0,0.481,0.495,0.464,0.61
0.354,0.005,0.498,0.472,0.473,0.542
0.437,0.191,0.479,0.479,0.483,0.501
0.43,0.308,0.464,0.495,0.487,0.487
0.401,0.335,0.467,0.503,0.489,0.495
0.411,0.31,0.468,0.504,0.492,0.506
0.425,0.312,0.46,0.499,0.493,0.509
0.435,0.349,0.447,0.493,0.492,0.507
0.437,0.379,0.437,0.493,0.492,0.504
0.422,0.376,0.436,0.497,0.493,0.501
0.414,0.364,0.44,0.501,0.496,0.498
0.416,0.373,0.446,0.501,0.499,0.494
0.423,0.397,0.453,0.499,0.501,0.491
0.434,0.42,0.458,0.499,0.502,0.49
0.441,0.43,0.466,0.501,0.503,0.49
0.446,0.423,0.472,0.505,0.504,0.492
0.452,0.411,0.478,0.508,0.503,0.494
0.458,0.403,0.483,0.509,0.503,0.495
0.465,0.397,0.489,0.509,0.503,0.496
0.47,0.389,0.492,0.509,0.502,0.497
0.471,0.379,0.493,0.509,0.501,0.497
0.47,0.37,0.492,0.508,0.5,0.498

0.543,0.027,0.548,0.473,0.478,0.641
0.444,0,0.532,0.466,0.472,0.612
0.414,0.056,0.513,0.461,0.474,0.575
0.432,0.179,0.493,0.466,0.48,0.539
0.446,0.283,0.479,0.479,0.487,0.518
0.432,0.318,0.478,0.494,0.492,0.511
0.425,0.295,0.487,0.506,0.497,0.51
0.431,0.269,0.493,0.511,0.5,0.507
0.439,0.284,0.49,0.507,0.5,0.502
0.444,0.32,0.484,0.5,0.499,0.497
0.444,0.35,0.483,0.496,0.499,0.495
0.443,0.371,0.485,0.494,0.499,0.494
0.441,0.387,0.482,0.495,0.498,0.492
0.437,0.4,0.476,0.498,0.497,0.491
0.435,0.406,0.472,0.5,0.497,0.491
0.437,0.41,0.469,0.502,0.497,0.491
0.44,0.409,0.468,0.505,0.498,0.492
0.445,0.405,0.468,0.506,0.498,0.493
0.448,0.4,0.472,0.507,0.499,0.495
0.451,0.394,0.476,0.509,0.5,0.495
0.455,0.386,0.479,0.51,0.5,0.496
0.46,0.381,0.482,0.51,0.501,0.495
0.464,0.38,0.486,0.509,0.501,0.495
0.467,0.382,0.489,0.508,0.501,0.495
0.466,0.383,0.491,0.507,0.5,0.496
0.464,0.383,0.492,0.506,0.5,0.496
0.462,0.383,0.493,0.505,0.499,0.497
0.462,0.386,0.489,0.503,0.498,0.498
0.46,0.392,0.484,0.502,0.498,0.498
0.458,0.394,0.482,0.502,0.498,0.499

0.475,0.875,0.432,0.508,0.47,0.511
0.472,0.915,0.385,0.516,0.471,0.547
0.449,0.848,0.366,0.531,0.479,0.586
0.507,0.701,0.387,0.543,0.495,0.619
0.575,0.603,0.437,0.536,0.512,0.641
0.627,0.547,0.484,0.516,0.519,0.66
0.683,0.489,0.522,0.498,0.518,0.678
0.715,0.34,0.56,0.489,0.511,0.689
0.693,0.097,0.567,0.485,0.498,0.69
0.574,0,0.54,0.474,0.482,0.671
0.425,0,0.519,0.451,0.473,0.633
0.388,0.007,0.508,0.434,0.476,0.581
0.419,0.207,0.482,0.444,0.484,0.531
0.443,0.345,0.463,0.469,0.493,0.503
0.433,0.369,0.472,0.495,0.499,0.499
0.439,0.311,0.499,0.514,0.504,0.503
0.447,0.259,0.514,0.521,0.505,0.503
0.452,0.262,0.51,0.516,0.502,0.5
0.46,0.302,0.5,0.506,0.5,0.496
0.461,0.347,0.494,0.498,0.499,0.495
0.454,0.376,0.491,0.496,0.498,0.495
0.444,0.391,0.487,0.497,0.497,0.495
0.436,0.398,0.481,0.499,0.496,0.495
0.43,0.402,0.475,0.501,0.496,0.495
0.43,0.405,0.47,0.503,0.496,0.495
0.433,0.407,0.469,0.504,0.497,0.495
0.436,0.404,0.469,0.505,0.497,0.497
0.437,0.392,0.471,0.507,0.498,0.498
0.443,0.38,0.473,0.508,0.498,0.498
0.449,0.373,0.474,0.508,0.499,0.498

0.46,0.892,0.452,0.518,0.477,0.506
0.493,0.898,0.402,0.532,0.477,0.541
0.488,0.801,0.38,0.547,0.481,0.581
0.521,0.672,0.403,0.55,0.492,0.616
0.573,0.589,0.457,0.537,0.504,0.641
0.647,0.568,0.503,0.514,0.51,0.661
0.727,0.534,0.547,0.498,0.507,0.679
0.766,0.342,0.568,0.496,0.494,0.695
0.706,0.093,0.554,0.498,0.476,0.696
0.569,0,0.535,0.49,0.458,0.674
0.447,0,0.494,0.484,0.449,0.631
0.378,0,0.433,0.489,0.451,0.573
0.377,0.078,0.396,0.499,0.466,0.52
0.415,0.208,0.411,0.505,0.488,0.492
0.447,0.28,0.456,0.507,0.505,0.488
0.465,0.301,0.496,0.506,0.509,0.492
0.469,0.303,0.499,0.504,0.503,0.496
0.457,0.313,0.47,0.5,0.495,0.497
0.445,0.337,0.44,0.494,0.49,0.496
0.435,0.37,0.428,0.49,0.491,0.496
0.429,0.397,0.43,0.489,0.494,0.495
0.428,0.413,0.438,0.491,0.497,0.493
0.425,0.421,0.442,0.495,0.498,0.492
0.424,0.425,0.444,0.498,0.499,0.492
0.428,0.425,0.447,0.499,0.5,0.493
0.434,0.423,0.452,0.5,0.5,0.494
0.438,0.417,0.458,0.501,0.501,0.496
0.442,0.408,0.461,0.502,0.501,0.498
0.447,0.4,0.463,0.502,0.501,0.498
0.453,0.396,0.464,0.503,0.501,0.499

0.525,0.718,0.404,0.554,0.492,0.611
0.581,0.597,0.458,0.556,0.501,0.636
0.638,0.524,0.522,0.539,0.502,0.655
0.678,0.423,0.554,0.518,0.495,0.673
0.689,0.315,0.558,0.498,0.483,0.682
0.666,0.155,0.562,0.482,0.471,0.682
0.576,0,0.548,0.468,0.458,0.669
0.478,0,0.492,0.455,0.447,0.636
0.393,0.032,0.41,0.454,0.443,0.582
0.368,0.193,0.348,0.474,0.456,0.531
0.398,0.279,0.35,0.5,0.483,0.504
0.432,0.281,0.408,0.518,0.507,0.498
0.462,0.254,0.465,0.524,0.518,0.5
0.47,0.25,0.481,0.517,0.514,0.5
0.468,0.28,0.463,0.505,0.507,0.5
0.462,0.331,0.445,0.492,0.502,0.5
0.456,0.374,0.439,0.486,0.502,0.501
0.444,0.398,0.444,0.487,0.502,0.5
0.436,0.401,0.451,0.493,0.503,0.498
0.432,0.401,0.458,0.499,0.503,0.494
0.435,0.406,0.463,0.502,0.503,0.492
0.44,0.416,0.465,0.503,0.503,0.491
0.444,0.421,0.467,0.504,0.502,0.492
0.449,0.415,0.468,0.504,0.502,0.494
0.452,0.401,0.471,0.505,0.501,0.497
0.458,0.39,0.472,0.504,0.501,0.498
0.463,0.386,0.472,0.503,0.5,0.499
0.467,0.385,0.471,0.502,0.499,0.499
0.468,0.385,0.468,0.502,0.499,0.499
0.468,0.384,0.466,0.503,0.499,0.499

0.458,0.821,0.46,0.523,0.482,0.518
0.456,0.791,0.418,0.535,0.479,0.551
0.463,0.713,0.397,0.546,0.485,0.582
0.5,0.628,0.421,0.547,0.495,0.609
0.567,0.599,0.471,0.536,0.504,0.631
0.63,0.577,0.534,0.521,0.504,0.652
0.686,0.475,0.573,0.512,0.494,0.671
0.703,0.331,0.578,0.505,0.477,0.68
0.645,0.187,0.561,0.495,0.457,0.677
0.542,0.015,0.523,0.482,0.442,0.662
0.462,0,0.456,0.469,0.436,0.632
0.392,0.007,0.381,0.46,0.439,0.586
0.369,0.14,0.348,0.466,0.457,0.543
0.389,0.243,0.368,0.482,0.483,0.514
0.427,0.282,0.422,0.5,0.505,0.5
0.449,0.278,0.47,0.513,0.514,0.494
0.466,0.276,0.485,0.517,0.512,0.489
0.474,0.295,0.48,0.512,0.506,0.487
0.473,0.329,0.471,0.502,0.501,0.489
0.464,0.366,0.465,0.494,0.499,0.491
0.452,0.396,0.46,0.49,0.498,0.493
0.44,0.414,0.455,0.492,0.497,0.492
0.43,0.424,0.45,0.495,0.497,0.491
0.424,0.429,0.447,0.499,0.498,0.491
0.426,0.431,0.449,0.5,0.499,0.492
0.431,0.428,0.455,0.502,0.5,0.494
0.434,0.425,0.458,0.503,0.5,0.495
0.438,0.415,0.46,0.505,0.5,0.496
0.444,0.405,0.46,0.506,0.5,0.497
0.451,0.4,0.462,0.506,0.5,0.497

0.428,0.876,0.406,0.518,0.486,0.54
0.417,0.803,0.386,0.539,0.492,0.575
0.454,0.66,0.413,0.552,0.507,0.605
0.524,0.597,0.476,0.541,0.522,0.629
0.608,0.605,0.53,0.516,0.527,0.649
0.69,0.593,0.578,0.5,0.52,0.668
0.75,0.449,0.62,0.5,0.505,0.685
0.69,0.208,0.595,0.506,0.48,0.687
0.556,0.002,0.542,0.502,0.457,0.668
0.475,0,0.489,0.488,0.45,0.631
0.426,0.001,0.438,0.476,0.455,0.583
0.409,0.14,0.414,0.476,0.47,0.542
0.422,0.243,0.425,0.488,0.488,0.517
0.441,0.264,0.462,0.504,0.502,0.503
0.456,0.255,0.48,0.513,0.506,0.497
0.457,0.27,0.47,0.509,0.503,0.495
0.454,0.311,0.457,0.501,0.5,0.495
0.448,0.355,0.447,0.496,0.499,0.495
0.441,0.387,0.445,0.496,0.499,0.494
0.431,0.401,0.446,0.499,0.5,0.493
0.426,0.405,0.455,0.503,0.501,0.491
0.425,0.414,0.468,0.505,0.503,0.49
0.433,0.425,0.477,0.505,0.503,0.49
0.437,0.43,0.481,0.504,0.502,0.492
0.441,0.43,0.481,0.505,0.501,0.494
0.444,0.421,0.484,0.507,0.5,0.496
0.451,0.415,0.485,0.508,0.5,0.498
0.455,0.402,0.485,0.507,0.499,0.5
0.459,0.393,0.481,0.506,0.498,0.501
0.462,0.383,0.479,0.506,0.498,0.501

0.69,0.414,0.556,0.503,0.45,0.681
0.534,0,0.475,0.473,0.44,0.675
0.459,0,0.432,0.43,0.439,0.653
0.431,0.012,0.397,0.394,0.442,0.613
0.42,0.223,0.363,0.387,0.449,0.574
0.391,0.359,0.347,0.417,0.463,0.547
0.374,0.352,0.364,0.47,0.482,0.526
0.398,0.243,0.401,0.517,0.502,0.508
0.432,0.185,0.449,0.533,0.514,0.495
0.46,0.223,0.489,0.522,0.518,0.488
0.48,0.304,0.512,0.504,0.515,0.485
0.478,0.372,0.509,0.494,0.509,0.486
0.455,0.406,0.491,0.492,0.502,0.488
0.438,0.421,0.473,0.494,0.498,0.489
0.427,0.43,0.466,0.497,0.498,0.49
0.422,0.436,0.467,0.499,0.499,0.491
0.421,0.435,0.464,0.501,0.499,0.492
0.424,0.439,0.475,0.504,0.5,0.492
0.432,0.434,0.473,0.505,0.5,0.493
0.435,0.423,0.478,0.507,0.499,0.495
0.442,0.408,0.478,0.508,0.499,0.496
0.448,0.4,0.478,0.508,0.499,0.497
0.456,0.399,0.48,0.506,0.499,0.498
0.462,0.398,0.483,0.504,0.499,0.499
0.465,0.395,0.484,0.504,0.498,0.5
0.462,0.392,0.481,0.503,0.497,0.5
0.458,0.391,0.477,0.502,0.496,0.501
0.455,0.393,0.474,0.501,0.495,0.501
0.452,0.396,0.469,0.501,0.495,0.501
0.447,0.397,0.464,0.501,0.495,0.501

0.447,0.751,0.416,0.555,0.488,0.567
0.485,0.681,0.422,0.558,0.495,0.593
0.525,0.637,0.472,0.547,0.504,0.617
0.587,0.585,0.533,0.528,0.508,0.641
0.652,0.51,0.576,0.507,0.504,0.663
0.69,0.456,0.601,0.486,0.491,0.677
0.713,0.358,0.594,0.472,0.473,0.683
0.662,0.195,0.561,0.469,0.455,0.682
0.569,0.05,0.502,0.47,0.442,0.666
0.466,0,0.439,0.475,0.437,0.63
0.392,0.01,0.375,0.486,0.444,0.58
0.372,0.082,0.343,0.498,0.464,0.536
0.4,0.171,0.382,0.502,0.488,0.511
0.441,0.236,0.437,0.502,0.506,0.5
0.465,0.278,0.471,0.502,0.51,0.495
0.47,0.305,0.467,0.501,0.505,0.493
0.46,0.33,0.449,0.498,0.499,0.493
0.445,0.351,0.436,0.494,0.497,0.495
0.436,0.377,0.438,0.491,0.498,0.495
0.427,0.398,0.44,0.491,0.498,0.495
0.419,0.408,0.445,0.493,0.499,0.493
0.417,0.412,0.448,0.495,0.5,0.493
0.419,0.416,0.451,0.496,0.501,0.493
0.426,0.418,0.457,0.497,0.502,0.493
0.43,0.417,0.463,0.499,0.503,0.494
0.443,0.419,0.471,0.501,0.503,0.494
0.447,0.413,0.472,0.503,0.503,0.496
0.453,0.407,0.475,0.505,0.502,0.497
0.459,0.4,0.474,0.506,0.501,0.498
0.461,0.394,0.474,0.507,0.501,0.498

0.424,0.799,0.428,0.516,0.489,0.563
0.472,0.726,0.44,0.527,0.498,0.594
0.52,0.642,0.491,0.53,0.505,0.62
0.586,0.58,0.53,0.524,0.504,0.637
0.647,0.512,0.555,0.516,0.495,0.651
0.661,0.392,0.562,0.509,0.48,0.661
0.616,0.194,0.557,0.502,0.464,0.663
0.55,0.001,0.523,0.489,0.452,0.65
0.455,0,0.472,0.469,0.445,0.619
0.449,0.009,0.382,0.453,0.448,0.581
0.375,0.219,0.354,0.448,0.462,0.543
0.398,0.338,0.374,0.467,0.486,0.518
0.441,0.332,0.423,0.501,0.507,0.505
0.467,0.263,0.464,0.526,0.516,0.497
0.486,0.221,0.491,0.53,0.516,0.493
0.495,0.24,0.504,0.518,0.512,0.49
0.489,0.301,0.505,0.501,0.506,0.49
0.472,0.354,0.495,0.489,0.501,0.492
0.451,0.389,0.482,0.488,0.497,0.492
0.435,0.403,0.468,0.491,0.495,0.491
0.428,0.412,0.463,0.495,0.495,0.49
0.428,0.422,0.461,0.497,0.496,0.49
0.43,0.428,0.46,0.499,0.497,0.491
0.432,0.426,0.465,0.502,0.498,0.492
0.444,0.42,0.466,0.505,0.499,0.492
0.447,0.412,0.464,0.507,0.498,0.494
0.45,0.407,0.464,0.508,0.498,0.495
0.454,0.398,0.466,0.509,0.499,0.496
0.458,0.395,0.465,0.508,0.499,0.497
0.462,0.392,0.468,0.506,0.499,0.498

0.437,0.79,0.444,0.525,0.487,0.568
0.489,0.727,0.455,0.544,0.497,0.596
0.558,0.661,0.511,0.546,0.503,0.619
0.626,0.601,0.564,0.541,0.5,0.637
0.682,0.51,0.585,0.534,0.485,0.65
0.679,0.364,0.562,0.526,0.465,0.657
0.611,0.22,0.52,0.508,0.446,0.658
0.556,0.086,0.476,0.486,0.436,0.648
0.513,0.011,0.434,0.464,0.434,0.627
0.452,0.031,0.386,0.449,0.436,0.596
0.406,0.132,0.342,0.447,0.446,0.561
0.396,0.243,0.324,0.459,0.465,0.531
0.417,0.296,0.352,0.48,0.488,0.513
0.46,0.294,0.422,0.501,0.504,0.503
0.468,0.259,0.433,0.514,0.507,0.497
0.47,0.246,0.44,0.514,0.505,0.494
0.473,0.265,0.444,0.506,0.504,0.491
0.472,0.311,0.446,0.495,0.503,0.49
0.46,0.36,0.444,0.488,0.502,0.49
0.449,0.399,0.441,0.488,0.501,0.489
0.438,0.422,0.444,0.493,0.501,0.488
0.432,0.426,0.444,0.497,0.501,0.489
0.429,0.426,0.449,0.5,0.502,0.49
0.43,0.423,0.453,0.503,0.502,0.491
0.435,0.422,0.455,0.504,0.502,0.493
0.438,0.418,0.456,0.506,0.501,0.494
0.447,0.414,0.459,0.507,0.501,0.495
0.449,0.402,0.459,0.506,0.5,0.497
0.453,0.399,0.458,0.506,0.5,0.497
0.459,0.397,0.457,0.505,0.5,0.497

0.489,0.03,0.479,0.483,0.464,0.622
0.463,0.051,0.43,0.472,0.466,0.588
0.439,0.194,0.405,0.466,0.471,0.552
0.439,0.304,0.403,0.476,0.483,0.528
0.452,0.327,0.427,0.499,0.497,0.517
0.466,0.284,0.465,0.52,0.506,0.511
0.472,0.249,0.488,0.529,0.507,0.505
0.474,0.249,0.491,0.525,0.504,0.5
0.475,0.281,0.49,0.513,0.501,0.499
0.47,0.319,0.488,0.501,0.498,0.499
0.46,0.35,0.48,0.494,0.496,0.499
0.446,0.377,0.464,0.492,0.494,0.498
0.437,0.396,0.451,0.494,0.493,0.497
0.43,0.405,0.444,0.497,0.495,0.496
0.429,0.405,0.445,0.499,0.497,0.497
0.432,0.401,0.45,0.501,0.498,0.498
0.437,0.395,0.454,0.502,0.499,0.498
0.442,0.388,0.455,0.503,0.5,0.498
0.447,0.387,0.458,0.502,0.5,0.498
0.454,0.386,0.461,0.501,0.5,0.499
0.46,0.385,0.463,0.5,0.5,0.499
0.465,0.387,0.463,0.501,0.5,0.499
0.464,0.388,0.461,0.501,0.499,0.498
0.463,0.388,0.46,0.503,0.499,0.498
0.461,0.386,0.459,0.503,0.5,0.498
0.463,0.386,0.461,0.504,0.5,0.498
0.459,0.387,0.461,0.504,0.5,0.498
0.458,0.389,0.462,0.503,0.5,0.498
0.46,0.389,0.464,0.502,0.5,0.498
0.464,0.392,0.466,0.502,0.501,0.499

0.656,0.293,0.471,0.517,0.453,0.672
0.543,0.12,0.428,0.51,0.442,0.667
0.483,0.02,0.384,0.499,0.443,0.641
0.44,0.001,0.343,0.495,0.451,0.598
0.408,0.051,0.321,0.497,0.466,0.554
0.43,0.127,0.352,0.494,0.489,0.527
0.46,0.197,0.426,0.49,0.509,0.514
0.507,0.259,0.523,0.49,0.517,0.505
0.495,0.289,0.497,0.493,0.507,0.501
0.47,0.309,0.468,0.494,0.496,0.499
0.459,0.329,0.454,0.49,0.493,0.499
0.449,0.357,0.451,0.485,0.493,0.5
0.442,0.389,0.45,0.483,0.494,0.498
0.436,0.413,0.448,0.485,0.494,0.496
0.427,0.422,0.447,0.487,0.494,0.495
0.425,0.421,0.446,0.49,0.496,0.495
0.433,0.427,0.456,0.492,0.497,0.495
0.442,0.425,0.456,0.494,0.498,0.496
0.444,0.418,0.459,0.496,0.498,0.498
0.447,0.405,0.456,0.498,0.498,0.499
0.454,0.404,0.464,0.5,0.498,0.499
0.46,0.401,0.46,0.501,0.498,0.499
0.462,0.394,0.458,0.502,0.498,0.499
0.465,0.389,0.458,0.504,0.499,0.499
0.467,0.387,0.459,0.504,0.499,0.498
0.468,0.386,0.46,0.504,0.5,0.498
0.466,0.384,0.459,0.504,0.5,0.498
0.463,0.386,0.461,0.504,0.5,0.497
0.467,0.39,0.462,0.503,0.5,0.497
0.462,0.391,0.461,0.502,0.5,0.498

0.514,0.238,0.474,0.456,0.46,0.655
0.506,0.289,0.47,0.443,0.462,0.642
0.5,0.315,0.451,0.461,0.463,0.618
0.461,0.265,0.401,0.502,0.464,0.587
0.431,0.155,0.352,0.537,0.471,0.558
0.434,0.075,0.375,0.545,0.489,0.539
0.465,0.099,0.438,0.527,0.506,0.525
0.491,0.175,0.472,0.507,0.51,0.513
0.487,0.268,0.467,0.495,0.506,0.503
0.474,0.32,0.449,0.494,0.5,0.498
0.463,0.338,0.446,0.496,0.499,0.497
0.456,0.351,0.45,0.497,0.5,0.497
0.451,0.364,0.455,0.497,0.499,0.495
0.446,0.382,0.456,0.497,0.499,0.494
0.442,0.397,0.454,0.497,0.498,0.493
0.439,0.409,0.453,0.498,0.498,0.493
0.441,0.411,0.458,0.499,0.499,0.494
0.442,0.406,0.463,0.501,0.499,0.495
0.449,0.399,0.465,0.502,0.499,0.495
0.455,0.401,0.465,0.502,0.499,0.495
0.46,0.406,0.463,0.502,0.498,0.495
0.46,0.408,0.462,0.502,0.498,0.496
0.461,0.408,0.461,0.503,0.498,0.497
0.463,0.403,0.461,0.504,0.498,0.498
0.465,0.392,0.459,0.505,0.498,0.499
0.463,0.384,0.457,0.504,0.497,0.499
0.465,0.381,0.456,0.502,0.498,0.499
0.463,0.383,0.454,0.5,0.498,0.499
0.462,0.387,0.453,0.499,0.498,0.499
0.462,0.387,0.455,0.499,0.499,0.499

0.63,0.332,0.473,0.504,0.457,0.656
0.49,0.047,0.424,0.498,0.452,0.631
0.446,0.052,0.379,0.492,0.455,0.593
0.419,0.116,0.368,0.491,0.468,0.558
0.423,0.169,0.398,0.495,0.487,0.535
0.441,0.209,0.444,0.498,0.502,0.52
0.461,0.255,0.484,0.499,0.507,0.51
0.467,0.29,0.483,0.5,0.504,0.503
0.453,0.318,0.465,0.5,0.498,0.5
0.444,0.345,0.453,0.498,0.495,0.499
0.439,0.367,0.451,0.495,0.495,0.498
0.434,0.386,0.452,0.493,0.495,0.498
0.431,0.398,0.451,0.493,0.495,0.497
0.428,0.414,0.45,0.494,0.495,0.496
0.427,0.421,0.45,0.495,0.494,0.497
0.428,0.423,0.45,0.496,0.494,0.499
0.43,0.421,0.45,0.497,0.494,0.5
0.432,0.414,0.448,0.499,0.494,0.501
0.435,0.406,0.445,0.501,0.495,0.501
0.44,0.398,0.445,0.503,0.496,0.501
0.445,0.393,0.444,0.503,0.497,0.501
0.45,0.393,0.445,0.503,0.497,0.501
0.452,0.393,0.446,0.503,0.498,0.5
0.455,0.394,0.452,0.504,0.499,0.5
0.456,0.392,0.454,0.504,0.499,0.499
0.456,0.388,0.456,0.503,0.498,0.5
0.454,0.386,0.456,0.503,0.498,0.5
0.453,0.386,0.452,0.502,0.498,0.5
0.452,0.393,0.455,0.501,0.498,0.499
0.453,0.393,0.454,0.501,0.498,0.5

0.445,0.872,0.443,0.525,0.488,0.511
0.415,0.872,0.46,0.543,0.491,0.544
0.462,0.745,0.486,0.56,0.499,0.58
0.521,0.645,0.533,0.556,0.505,0.611
0.586,0.633,0.563,0.535,0.502,0.633
0.672,0.632,0.556,0.521,0.49,0.65
0.727,0.516,0.508,0.52,0.472,0.668
0.704,0.312,0.454,0.521,0.456,0.68
0.596,0.165,0.428,0.508,0.445,0.68
0.522,0.112,0.421,0.493,0.445,0.663
0.483,0.085,0.416,0.493,0.452,0.629
0.458,0.064,0.396,0.504,0.461,0.59
0.453,0.07,0.384,0.513,0.472,0.557
0.464,0.081,0.401,0.511,0.486,0.535
0.469,0.144,0.45,0.503,0.496,0.518
0.495,0.209,0.477,0.498,0.499,0.506
0.479,0.264,0.453,0.495,0.493,0.498
0.467,0.301,0.436,0.494,0.49,0.496
0.454,0.334,0.429,0.492,0.49,0.495
0.441,0.359,0.426,0.49,0.49,0.494
0.433,0.377,0.426,0.49,0.491,0.493
0.429,0.395,0.43,0.491,0.493,0.491
0.427,0.407,0.432,0.491,0.493,0.491
0.424,0.418,0.431,0.491,0.494,0.492
0.427,0.425,0.43,0.491,0.495,0.493
0.431,0.425,0.434,0.493,0.496,0.494
0.437,0.417,0.438,0.495,0.497,0.496
0.442,0.408,0.44,0.497,0.498,0.497
0.45,0.405,0.446,0.5,0.498,0.496
0.454,0.402,0.446,0.501,0.499,0.496

0.448,0.826,0.364,0.517,0.505,0.566
0.493,0.712,0.383,0.54,0.52,0.598
0.543,0.64,0.46,0.543,0.534,0.623
0.632,0.638,0.515,0.529,0.538,0.644
0.717,0.627,0.541,0.516,0.53,0.669
0.788,0.493,0.564,0.512,0.515,0.694
0.785,0.223,0.57,0.507,0.498,0.714
0.694,0.011,0.578,0.484,0.483,0.721
0.644,0,0.582,0.456,0.473,0.703
0.532,0,0.549,0.451,0.459,0.653
0.425,0.05,0.429,0.477,0.448,0.586
0.38,0.112,0.336,0.514,0.46,0.532
0.41,0.157,0.388,0.527,0.492,0.508
0.478,0.188,0.495,0.521,0.519,0.502
0.513,0.237,0.544,0.512,0.521,0.497
0.516,0.295,0.51,0.507,0.508,0.493
0.5,0.333,0.465,0.503,0.497,0.494
0.491,0.357,0.454,0.499,0.496,0.498
0.482,0.373,0.457,0.498,0.497,0.5
0.469,0.383,0.452,0.5,0.496,0.498
0.458,0.389,0.449,0.503,0.495,0.497
0.453,0.391,0.45,0.505,0.496,0.496
0.453,0.393,0.457,0.506,0.498,0.496
0.458,0.389,0.463,0.507,0.498,0.495
0.462,0.39,0.458,0.509,0.497,0.494
0.464,0.389,0.455,0.51,0.498,0.494
0.469,0.387,0.458,0.509,0.499,0.495
0.477,0.388,0.465,0.509,0.501,0.495
0.489,0.388,0.475,0.51,0.501,0.495
0.494,0.382,0.478,0.511,0.501,0.495

0.453,0.68,0.411,0.566,0.51,0.581
0.498,0.588,0.448,0.554,0.52,0.609
0.556,0.645,0.483,0.522,0.523,0.635
0.622,0.681,0.503,0.5,0.52,0.663
0.7,0.651,0.525,0.497,0.513,0.691
0.766,0.527,0.53,0.508,0.504,0.709
0.762,0.31,0.539,0.526,0.493,0.713
0.674,0.069,0.547,0.539,0.48,0.698
0.608,0,0.516,0.543,0.464,0.658
0.538,0,0.422,0.543,0.453,0.603
0.424,0,0.366,0.528,0.456,0.552
0.431,0.03,0.382,0.503,0.478,0.522
0.471,0.16,0.429,0.487,0.499,0.504
0.492,0.267,0.456,0.483,0.506,0.493
0.494,0.335,0.45,0.488,0.503,0.487
0.483,0.368,0.432,0.492,0.498,0.488
0.474,0.379,0.425,0.493,0.496,0.492
0.47,0.385,0.434,0.491,0.496,0.496
0.463,0.39,0.436,0.49,0.496,0.497
0.453,0.394,0.439,0.49,0.495,0.497
0.449,0.397,0.441,0.489,0.495,0.497
0.446,0.401,0.441,0.489,0.495,0.497
0.446,0.406,0.442,0.489,0.495,0.498
0.447,0.409,0.443,0.49,0.496,0.498
0.452,0.409,0.448,0.493,0.497,0.498
0.456,0.405,0.451,0.497,0.498,0.497
0.463,0.398,0.453,0.501,0.498,0.497
0.47,0.392,0.453,0.504,0.499,0.497
0.476,0.386,0.453,0.506,0.499,0.496
0.481,0.383,0.455,0.506,0.5,0.496

0.443,0.844,0.407,0.542,0.49,0.538
0.473,0.782,0.37,0.557,0.492,0.572
0.481,0.675,0.389,0.562,0.499,0.606
0.54,0.588,0.426,0.551,0.509,0.635
0.61,0.569,0.48,0.525,0.515,0.66
0.683,0.555,0.523,0.501,0.512,0.682
0.764,0.51,0.553,0.491,0.504,0.701
0.785,0.39,0.544,0.494,0.488,0.711
0.716,0.21,0.521,0.507,0.468,0.706
0.622,0.006,0.458,0.526,0.451,0.678
0.493,0,0.376,0.539,0.44,0.627
0.4,0,0.296,0.536,0.448,0.573
0.402,0,0.309,0.515,0.477,0.534
0.462,0.055,0.397,0.488,0.509,0.51
0.507,0.209,0.464,0.478,0.522,0.493
0.517,0.316,0.482,0.481,0.516,0.482
0.491,0.359,0.441,0.487,0.505,0.482
0.475,0.387,0.442,0.488,0.501,0.487
0.469,0.41,0.449,0.488,0.501,0.49
0.457,0.425,0.448,0.489,0.499,0.492
0.445,0.433,0.445,0.491,0.498,0.493
0.44,0.433,0.447,0.494,0.498,0.493
0.44,0.432,0.453,0.495,0.498,0.494
0.443,0.426,0.458,0.497,0.499,0.495
0.446,0.418,0.462,0.499,0.499,0.496
0.452,0.411,0.463,0.501,0.498,0.496
0.461,0.408,0.464,0.501,0.499,0.497
0.47,0.408,0.465,0.502,0.498,0.497
0.476,0.405,0.461,0.504,0.498,0.498
0.479,0.4,0.457,0.505,0.498,0.499